<?xml version='1.0' encoding='UTF-8'?>
<system creation-date="2025-11-08 08:06:29.376000" desc="" enable="False" id="A4A2E981-A321-46B5-861C-C6A59D2F46D1" last-modified-date="" name="IRB1200_7_70"><applications><application name="RobotWare" version="6.16.1028"><settings><system-xml path="C:\Users\Baco\Documents\RobotStudio\Projects\PickAndPlace\Virtual Controllers\IRB1200_7_70\system.xml" /><key-id path="C:\Users\Baco\Documents\RobotStudio\Projects\PickAndPlace\Virtual Controllers\IRB1200_7_70\INTERNAL\key.id" /><setting-file path="C:\Users\Baco\Documents\RobotStudio\Projects\PickAndPlace\Virtual Controllers\IRB1200_7_70\INTERNAL\controller.rsf" /></settings></application></applications></system>